"Path","Bytes","LastWriteTime"
"AGENTS.md","14242","2026-06-13 20:36:49"
"CHANGELOG.md","2258","2026-06-12 19:51:41"
"config.json","5152","2026-06-12 22:50:18"
"engines.json","756","2026-06-13 14:57:43"
"launch.json","581","2026-06-12 16:29:04"
"launch.py","18606","2026-06-13 19:42:27"
"plan.md","9637","2026-06-13 20:37:07"
"pyproject.toml","432","2026-06-11 21:41:29"
"README.md","3831","2026-06-11 21:37:25"
"requirements.txt","1589","2026-06-13 14:50:30"
"requirements-6-13.md","5009","2026-06-13 20:30:32"
"webui.bat","885","2026-06-13 01:12:31"
"webui.py","293","2026-06-13 01:12:09"
"webui.settings.bat","154","2026-06-11 20:41:05"
"webui-user.bat","565","2026-06-11 21:41:30"
